{"stat.useItem.thermalfoundation.storage":2,"stat.walkOneCm":17771,"achievement.openInventory":98,"stat.useItem.minecraft.stone":17,"stat.useItem.minecraft.flint_and_steel":6,"stat.useItem.enderio.itemItemConduit":1,"stat.leaveGame":1,"stat.useItem.thermalexpansion.cell":3,"stat.useItem.thermalexpansion.machine":2,"stat.useItem.minecraft.hopper":1,"stat.mobKills":1,"stat.craftItem.modernmetals.iridium_ore":9,"stat.useItem.projectred-exploration.stone_sickle":6,"stat.useItem.thermalfoundation.fluid_petrotheum":1,"stat.flyOneCm":22407,"stat.useItem.techreborn.matterfabricator":2,"stat.jump":23,"stat.swimOneCm":4212,"stat.playOneMinute":82690,"stat.useItem.thermalfoundation.sickle":3,"stat.useItem.thermalfoundation.bow_vanilla":1,"stat.sneakTime":281,"stat.damageDealt":452,"stat.pickup.minecraft.porkchop":3,"stat.useItem.thermalexpansion.cache":3,"stat.crouchOneCm":289,"stat.useItem.thermalfoundation.fluid_aerotheum":1,"stat.timeSinceDeath":82690,"stat.useItem.thermalexpansion.tank":1,"stat.hopperInspected":8,"stat.useItem.minecraft.dirt":11,"stat.useItem.minecraft.leaves":10,"stat.sprintOneCm":2386,"stat.useItem.minecraft.crafting_table":1,"stat.useItem.minecraft.spawn_egg":9,"stat.killEntity.Pig":1,"achievement.exploreAllBiomes":{"value":0,"progress":["Plains"]},"stat.useItem.thermalexpansion.dynamo":6,"stat.diveOneCm":910,"stat.craftingTableInteraction":1}